clip,level,model,accuracy,macro_f1,recall,roc_auc,pr_auc,far
True,0.0000,tree,0.9985,0.9970,0.9950,0.9971,0.9907,0.0009
True,0.0000,logreg,0.9720,0.9416,0.8320,0.9915,0.9693,0.0032
True,0.0000,forest,0.9984,0.9968,0.9923,0.9999,0.9998,0.0006
True,0.0500,tree,0.5771,0.3992,0.1092,0.3847,0.1401,0.3398
True,0.0500,logreg,0.9535,0.9085,0.8364,0.9826,0.9377,0.0257
True,0.0500,forest,0.8588,0.5212,0.0633,0.9270,0.8317,0.0000
True,0.1000,tree,0.5716,0.3961,0.1079,0.3809,0.1401,0.3462
True,0.1000,logreg,0.9208,0.8561,0.8308,0.9645,0.8896,0.0632
True,0.1000,forest,0.8568,0.5082,0.0494,0.8954,0.7855,0.0000
True,0.2000,tree,0.5692,0.3962,0.1126,0.3814,0.1398,0.3498
True,0.2000,logreg,0.8424,0.7521,0.7920,0.9130,0.7740,0.1486
True,0.2000,forest,0.8550,0.4970,0.0377,0.8576,0.7383,0.0000
True,0.5000,tree,0.5552,0.3946,0.1332,0.3817,0.1386,0.3699
True,0.5000,logreg,0.6879,0.5964,0.7029,0.7728,0.5138,0.3148
True,0.5000,forest,0.8524,0.4798,0.0202,0.8134,0.6745,0.0000
False,0.0000,tree,0.9985,0.9970,0.9950,0.9971,0.9907,0.0009
False,0.0000,logreg,0.9720,0.9416,0.8320,0.9915,0.9693,0.0032
False,0.0000,forest,0.9984,0.9968,0.9923,0.9999,0.9998,0.0006
False,0.0500,tree,0.5771,0.3992,0.1092,0.3847,0.1401,0.3398
False,0.0500,logreg,0.9483,0.9001,0.8405,0.9791,0.9288,0.0325
False,0.0500,forest,0.8588,0.5212,0.0633,0.9270,0.8317,0.0000
False,0.1000,tree,0.5716,0.3961,0.1079,0.3809,0.1401,0.3462
False,0.1000,logreg,0.9058,0.8352,0.8338,0.9557,0.8714,0.0814
False,0.1000,forest,0.8568,0.5082,0.0494,0.8954,0.7855,0.0000
False,0.2000,tree,0.5692,0.3962,0.1126,0.3814,0.1398,0.3498
False,0.2000,logreg,0.8196,0.7280,0.7935,0.8987,0.7401,0.1757
False,0.2000,forest,0.8550,0.4970,0.0377,0.8576,0.7383,0.0000
False,0.5000,tree,0.5552,0.3946,0.1332,0.3817,0.1386,0.3699
False,0.5000,logreg,0.6775,0.5891,0.7092,0.7657,0.4425,0.3281
False,0.5000,forest,0.8524,0.4798,0.0202,0.8134,0.6745,0.0000
