condition,model,accuracy,macro_f1,recall,roc_auc,pr_auc,far
clean,forest,0.9984,0.9968,0.9923,0.9999,0.9998,0.0006
clean,ensemble,0.9982,0.9965,0.9895,0.9998,0.9993,0.0002
clean,gradient boosting,0.9980,0.9962,0.9905,0.9998,0.9984,0.0006
5% noise,forest,0.8588,0.5212,0.0633,0.9270,0.8317,0.0000
5% noise,ensemble,0.8719,0.6208,0.1930,0.9599,0.7905,0.0077
5% noise,gradient boosting,0.7835,0.5007,0.1024,0.5728,0.1651,0.0956
10% missing,forest,0.9949,0.9900,0.9681,0.9998,0.9992,0.0003
10% missing,ensemble,0.9861,0.9718,0.9112,0.9970,0.9869,0.0006
10% missing,gradient boosting,0.9721,0.9421,0.8383,0.9941,0.9373,0.0042
