feature,macro_f1,recall,macro_f1_drop,recall_drop,outside_noise_band
Fwd IAT Min,0.99283,0.98158,0.00129,0.00431,True
Init_Win_bytes_forward,0.99305,0.98425,0.00107,0.00163,True
Bwd Header Length,0.99343,0.98395,0.00068,0.00193,False
Flow Bytes/s,0.99365,0.98433,0.00046,0.00156,False
Total Length of Fwd Packets,0.99370,0.98455,0.00042,0.00134,False
Active Min,0.99370,0.98455,0.00042,0.00134,False
Fwd Header Length,0.99372,0.98470,0.00040,0.00119,False
Bwd Packets/s,0.99372,0.98477,0.00040,0.00111,False
Fwd Packets/s,0.99372,0.98485,0.00040,0.00104,False
Bwd Packet Length Max,0.99372,0.98485,0.00040,0.00104,False
Fwd Packet Length Std,0.99374,0.98462,0.00038,0.00126,False
Fwd Packet Length Mean,0.99374,0.98462,0.00038,0.00126,False
Bwd IAT Max,0.99375,0.98499,0.00037,0.00089,False
Active Max,0.99377,0.98477,0.00035,0.00111,False
min_seg_size_forward,0.99377,0.98477,0.00035,0.00111,False
Fwd Packet Length Min,0.99377,0.98485,0.00035,0.00104,False
Avg Fwd Segment Size,0.99377,0.98499,0.00035,0.00089,False
Bwd Packet Length Mean,0.99377,0.98499,0.00035,0.00089,False
Bwd IAT Min,0.99377,0.98507,0.00035,0.00082,False
Packet Length Mean,0.99379,0.98462,0.00033,0.00126,False
Subflow Bwd Bytes,0.99379,0.98514,0.00033,0.00074,False
Fwd IAT Max,0.99381,0.98425,0.00031,0.00163,False
ACK Flag Count,0.99381,0.98470,0.00031,0.00119,False
Avg Bwd Segment Size,0.99381,0.98507,0.00031,0.00082,False
Bwd Packet Length Min,0.99381,0.98522,0.00031,0.00067,False
Average Packet Size,0.99383,0.98507,0.00029,0.00082,False
Flow IAT Min,0.99383,0.98507,0.00029,0.00082,False
Packet Length Variance,0.99383,0.98514,0.00029,0.00074,False
Packet Length Std,0.99383,0.98514,0.00029,0.00074,False
Init_Win_bytes_backward,0.99383,0.98551,0.00028,0.00037,False
Bwd Packet Length Std,0.99385,0.98492,0.00027,0.00097,False
Bwd IAT Std,0.99385,0.98514,0.00026,0.00074,False
Fwd PSH Flags,0.99385,0.98522,0.00026,0.00067,False
Subflow Fwd Bytes,0.99388,0.98507,0.00024,0.00082,False
Fwd URG Flags,0.99388,0.98522,0.00024,0.00067,False
URG Flag Count,0.99388,0.98544,0.00024,0.00045,False
Idle Mean,0.99390,0.98499,0.00022,0.00089,False
Active Mean,0.99390,0.98507,0.00022,0.00082,False
CWE Flag Count,0.99390,0.98522,0.00022,0.00067,False
Fwd IAT Mean,0.99390,0.98529,0.00022,0.00059,False
Subflow Bwd Packets,0.99390,0.98537,0.00022,0.00052,False
PSH Flag Count,0.99392,0.98522,0.00020,0.00067,False
Fwd IAT Total,0.99394,0.98507,0.00018,0.00082,False
RST Flag Count,0.99394,0.98514,0.00018,0.00074,False
Down/Up Ratio,0.99394,0.98522,0.00018,0.00067,False
Min Packet Length,0.99394,0.98529,0.00018,0.00059,False
Idle Min,0.99394,0.98537,0.00018,0.00052,False
Total Backward Packets,0.99394,0.98551,0.00018,0.00037,False
SYN Flag Count,0.99396,0.98514,0.00016,0.00074,False
Bwd IAT Mean,0.99396,0.98522,0.00016,0.00067,False
Idle Std,0.99396,0.98529,0.00016,0.00059,False
Flow IAT Mean,0.99396,0.98537,0.00015,0.00052,False
Bwd IAT Total,0.99399,0.98522,0.00013,0.00067,False
Total Length of Bwd Packets,0.99399,0.98551,0.00013,0.00037,False
Fwd Packet Length Max,0.99399,0.98551,0.00013,0.00037,False
act_data_pkt_fwd,0.99401,0.98537,0.00011,0.00052,False
Active Std,0.99403,0.98537,0.00009,0.00052,False
Flow IAT Max,0.99403,0.98551,0.00009,0.00037,False
Flow Packets/s,0.99405,0.98544,0.00007,0.00045,False
Fwd IAT Std,0.99407,0.98514,0.00005,0.00074,False
Max Packet Length,0.99407,0.98544,0.00005,0.00045,False
Total Fwd Packets,0.99408,0.98581,0.00004,0.00007,False
Idle Max,0.99410,0.98566,0.00002,0.00022,False
Subflow Fwd Packets,0.99410,0.98574,0.00002,0.00015,False
Flow IAT Std,0.99410,0.98581,0.00002,0.00007,False
ECE Flag Count,0.99412,0.98559,0.00000,0.00030,False
FIN Flag Count,0.99416,0.98566,-0.00004,0.00022,False
Flow Duration,0.99416,0.98596,-0.00004,-0.00007,False
