test_position,attack_type,top_feature,group_size,family_size,drop_single,drop_group,drop_family
6,DDoS,Bwd Packet Length Std,2,4,0.1667,0.2233,0.4233
7,DoS Hulk,Bwd Packet Length Std,2,4,0.2000,0.2267,0.5333
11,DDoS,Bwd Packet Length Std,2,4,0.2000,0.2300,0.4800
14,DoS GoldenEye,Idle Min,4,5,0.2986,0.7457,0.6892
19,DoS Hulk,Bwd Packet Length Std,2,4,0.1867,0.2100,0.5433
31,SSH-Patator,Bwd Header Length,3,3,0.2182,0.3420,0.3420
40,DoS Hulk,Bwd Packet Length Std,2,4,0.1700,0.1900,0.4500
43,DoS Hulk,Bwd Packet Length Std,2,4,0.2233,0.2600,0.5067
52,DoS Hulk,Bwd Packet Length Std,2,4,0.1933,0.2067,0.4967
57,DDoS,Bwd Packet Length Std,2,4,0.1767,0.2300,0.4367
63,DoS Hulk,Bwd Packet Length Std,2,4,0.1800,0.2033,0.4900
73,DDoS,Bwd Packets/s,1,1,0.2100,0.2100,0.2100
79,DoS Hulk,FIN Flag Count,1,1,0.2667,0.2667,0.2667
95,DoS GoldenEye,Idle Min,4,5,0.2853,0.7557,0.6958
97,DDoS,Bwd Packet Length Std,2,4,0.1600,0.2167,0.3757
103,DDoS,Bwd Packets/s,1,1,0.2500,0.2500,0.2500
109,DoS Hulk,Bwd Packet Length Std,2,4,0.2100,0.2333,0.5567
128,DoS Hulk,Bwd Packet Length Std,2,4,0.2267,0.2733,0.5300
132,DDoS,Bwd Packet Length Std,2,4,0.1700,0.2067,0.4133
149,DoS Hulk,Bwd Packet Length Std,2,4,0.1733,0.1967,0.4567
150,DoS Hulk,Bwd Packet Length Std,2,4,0.2033,0.2267,0.5400
151,DDoS,Bwd Packet Length Std,2,4,0.1733,0.2200,0.3967
164,DDoS,Bwd Packet Length Std,2,4,0.1667,0.2100,0.4000
177,DDoS,Bwd Packets/s,1,1,0.2533,0.2533,0.2533
178,DoS Hulk,Bwd Packet Length Std,2,4,0.1867,0.2033,0.4867
185,DDoS,Bwd Packet Length Std,2,4,0.1633,0.2067,0.3933
188,DDoS,Bwd Packet Length Std,2,4,0.1733,0.2233,0.4267
196,DDoS,Bwd Packet Length Std,2,4,0.2000,0.2333,0.4900
198,DoS Hulk,Bwd Packet Length Std,2,4,0.1967,0.2133,0.5000
204,DoS Hulk,Bwd Packet Length Std,2,4,0.1667,0.2000,0.4433
212,DoS Hulk,Bwd Packet Length Std,2,4,0.2000,0.2167,0.4967
221,DoS Hulk,Bwd Packet Length Std,2,4,0.2000,0.2300,0.5400
226,DDoS,Bwd Packets/s,1,1,0.2500,0.2500,0.2500
236,DoS Hulk,Bwd Packet Length Std,2,4,0.1700,0.1967,0.4598
243,DoS Hulk,Bwd Packet Length Std,2,4,0.2033,0.2200,0.5067
250,DoS Hulk,Bwd Packet Length Std,2,4,0.2167,0.2400,0.5367
260,DDoS,Bwd Packet Length Std,2,4,0.1667,0.2067,0.4100
276,DoS Hulk,Bwd Packet Length Std,2,4,0.1767,0.2033,0.4400
283,DDoS,Bwd Packets/s,1,1,0.2433,0.2433,0.2433
295,DDoS,Bwd Packets/s,1,1,0.2533,0.2533,0.2533
299,DDoS,Bwd Packet Length Std,2,4,0.1967,0.2300,0.4900
306,DoS Hulk,Bwd Packet Length Std,2,4,0.2033,0.2133,0.4967
313,DDoS,Bwd Packet Length Std,2,4,0.2067,0.2433,0.4867
317,DDoS,Bwd Packets/s,1,1,0.2367,0.2367,0.2367
327,DDoS,Bwd Packet Length Std,2,4,0.1933,0.2200,0.4633
331,DoS Hulk,Bwd Packet Length Std,2,4,0.1867,0.2133,0.4633
337,DDoS,Bwd Packet Length Std,2,4,0.1667,0.2133,0.4100
341,DDoS,Bwd Packet Length Std,2,4,0.1800,0.2267,0.4267
344,DDoS,Bwd Packet Length Std,2,4,0.1733,0.2133,0.4067
352,DDoS,Bwd Packet Length Std,2,4,0.1700,0.2067,0.4067
