group,test_position,attack_type,forest_probability,lime_r2,lime_local_prediction,top_feature
random,62696,BENIGN,0.0013,0.1839,0.2796,FIN Flag Count <= 0.00
random,61382,BENIGN,0.0000,0.1573,0.1823,Bwd Packet Length Std <= 0.00
random,75112,BENIGN,0.0000,0.0755,0.2018,FIN Flag Count <= 0.00
random,3917,BENIGN,0.0001,0.2770,0.3281,Bwd Packet Length Std > 513.69
random,14883,BENIGN,0.0000,0.1347,0.2724,RST Flag Count <= 0.00
random,69137,BENIGN,0.0000,0.1602,0.1732,Bwd Packet Length Std <= 0.00
random,57061,BENIGN,0.0005,0.1673,0.2747,Bwd Packet Length Std <= 0.00
random,18117,BENIGN,0.0000,0.1662,0.1772,Bwd Packet Length Std <= 0.00
random,83837,DoS Hulk,0.9999,0.1561,0.2631,FIN Flag Count <= 0.00
random,35984,BENIGN,0.0000,0.1537,0.1730,FIN Flag Count <= 0.00
random,19482,BENIGN,0.0000,0.1453,0.1730,FIN Flag Count <= 0.00
random,59207,BENIGN,0.0000,0.0895,0.2474,FIN Flag Count <= 0.00
random,72689,BENIGN,0.0000,0.2246,0.2719,ECE Flag Count <= 0.00
random,39263,BENIGN,0.0000,0.1568,0.1786,FIN Flag Count <= 0.00
random,58130,DoS Hulk,1.0000,0.2990,0.3791,Bwd Packet Length Std > 513.69
random,23348,BENIGN,0.0000,0.3004,0.3352,Bwd Packet Length Std > 513.69
random,46471,BENIGN,0.0000,0.1606,0.1682,FIN Flag Count <= 0.00
random,58390,BENIGN,0.0000,0.1863,0.2173,FIN Flag Count <= 0.00
random,58398,BENIGN,0.0000,0.1561,0.1761,Bwd Packet Length Std <= 0.00
random,68491,BENIGN,0.0000,0.1437,0.1838,RST Flag Count <= 0.00
borderline,47278,BENIGN,0.3411,0.1925,0.2439,Bwd Packet Length Std <= 0.00
borderline,50880,DoS Hulk,0.3205,0.1807,0.2634,FIN Flag Count <= 0.00
borderline,45719,DoS Hulk,0.6710,0.1825,0.2709,Bwd Packet Length Std <= 0.00
borderline,28814,Bot,0.4804,0.1595,0.2619,RST Flag Count <= 0.00
borderline,76812,PortScan,0.4395,0.1506,0.2372,Bwd Packet Length Std <= 0.00
borderline,31380,BENIGN,0.5508,0.1872,0.2969,FIN Flag Count > 0.00
borderline,51245,BENIGN,0.4195,0.1707,0.2529,FIN Flag Count <= 0.00
borderline,41633,DoS Hulk,0.5802,0.1717,0.2896,FIN Flag Count > 0.00
borderline,75229,DoS Hulk,0.3401,0.1723,0.2532,FIN Flag Count <= 0.00
borderline,68348,BENIGN,0.6042,0.1843,0.2917,Bwd Packet Length Std <= 0.00
