scenario,model,accuracy,macro_f1,recall,roc_auc,pr_auc,far
random 10% (7 per row),tree,0.9395,0.8763,0.7462,0.8600,0.6612,0.0262
random 10% (7 per row),logreg,0.8879,0.7776,0.6092,0.8098,0.6520,0.0626
random 10% (7 per row),forest,0.9949,0.9900,0.9681,0.9998,0.9992,0.0003
all backward (17),tree,0.8606,0.6165,0.2082,0.5923,0.2464,0.0236
all backward (17),logreg,0.8641,0.6370,0.2428,0.4857,0.3447,0.0257
all backward (17),forest,0.8495,0.4603,0.0010,0.9971,0.9825,0.0000
random 17 per row,tree,0.8767,0.7306,0.4653,0.7075,0.3698,0.0503
random 17 per row,logreg,0.8435,0.7098,0.5467,0.7136,0.5227,0.1038
random 17 per row,forest,0.9522,0.8921,0.6829,0.9993,0.9972,0.0000
all idle timers (4),tree,0.9974,0.9949,0.9879,0.9936,0.9846,0.0009
all idle timers (4),logreg,0.9580,0.9076,0.7297,0.9845,0.9490,0.0015
all idle timers (4),forest,0.9972,0.9944,0.9843,0.9999,0.9996,0.0006
random 4 per row,tree,0.9635,0.9270,0.8509,0.9172,0.7895,0.0165
random 4 per row,logreg,0.9149,0.8268,0.6685,0.8666,0.7419,0.0413
random 4 per row,forest,0.9978,0.9957,0.9886,0.9999,0.9994,0.0006
