model,level,macro_f1_not_clipped,macro_f1_clipped,recall_not_clipped,recall_clipped,macro_f1_diff,recall_diff
forest,0.0000,0.9968,0.9968,0.9923,0.9923,0.0000,0.0000
forest,0.0500,0.5212,0.5212,0.0633,0.0633,0.0000,0.0000
forest,0.1000,0.5082,0.5082,0.0494,0.0494,0.0000,0.0000
forest,0.2000,0.4970,0.4970,0.0377,0.0377,0.0000,0.0000
forest,0.5000,0.4798,0.4798,0.0202,0.0202,0.0000,0.0000
logreg,0.0000,0.9416,0.9416,0.8320,0.8320,0.0000,0.0000
logreg,0.0500,0.9001,0.9085,0.8405,0.8364,0.0084,-0.0041
logreg,0.1000,0.8352,0.8561,0.8338,0.8308,0.0210,-0.0030
logreg,0.2000,0.7280,0.7521,0.7935,0.7920,0.0241,-0.0015
logreg,0.5000,0.5891,0.5964,0.7092,0.7029,0.0073,-0.0062
tree,0.0000,0.9970,0.9970,0.9950,0.9950,0.0000,0.0000
tree,0.0500,0.3992,0.3992,0.1092,0.1092,0.0000,0.0000
tree,0.1000,0.3961,0.3961,0.1079,0.1079,0.0000,0.0000
tree,0.2000,0.3962,0.3962,0.1126,0.1126,0.0000,0.0000
tree,0.5000,0.3946,0.3946,0.1332,0.1332,0.0000,0.0000
